funcion_cdc,esquema_cdc,objeto_cdc,tabla_ap5_candidata,procedimiento_ap5_candidato,clasificacion,confianza,evidencia_clearing,evidencia_publicacion,observaciones
fn_cdc_get_Registro_OperacionCartera_Publicacion,Registro,OperacionCartera,Registro.OperacionCarteraPublicacionHistorico|Registro.OperacionCarteraPublicacion|Registro.OperacionCarteraOnlinePublicacion,Registro.MergeOperacionCarteraPublicacion|Registro.MergeOperacionCarteraPublicacionActual|Registro.MergeOperacionCarteraOnlinePublicacion,mapeo_directo,alta,"lee cdc.Registro_OperacionCartera_CT y enriquece con Registro.OperacionCartera, Personas, Productos y Contribucion","Publicacion.sql contiene MergeOperacionCarteraPublicacion y tablas OperacionCarteraPublicacion*","CDC principal de operaciones; incluye tabla historica y tablas actuales/online en AP5"
fn_cdc_get_Registro_OperacionCartera_Publicacion_old,Registro,OperacionCartera,Registro.OperacionCarteraPublicacionHistorico|Registro.OperacionCarteraPublicacion,Registro.MergeOperacionCarteraPublicacion,mapeo_directo,media,"variante legacy de la funcion de OperacionCartera","mismo destino probable que la version activa","se debe tratar como referencia historica hasta validar vigencia"
fn_cdc_get_Registro_CancelacionCartera_Publicacion,Registro,CancelacionCartera,Registro.OperacionCarteraCanceladaHistorico|Registro.OperacionCarteraCancelada,Registro.MergeCancelacionCarteraPublicacion|Registro.MergeCancelacionCarteraPublicacionActual,mapeo_directo,alta,"lee cdc.Registro_CancelacionCartera_CT y arma datos de cancelacion con operaciones, cuentas y contratos","Publicacion.sql contiene MergeCancelacionCarteraPublicacion y tablas OperacionCarteraCancelada*","mapeo de nombre no es homonimo, pero el SP AP5 confirma destino"
fn_cdc_get_Registro_RelacionOperacionAFijar_Publicacion,Registro,RelacionOperacionAFijar,Registro.RelacionOperacionesAFijar,Registro_RelacionOperacionesAFijar.dtsx,mapeo_directo,alta,"lee cdc.Registro_RelacionOperacionAFijar_CT y une operaciones compra/venta","AP5 tiene tabla Registro.RelacionOperacionesAFijar y paquete SSIS homonimo en plural","diferencia singular/plural entre PBP y AP5"
fn_cdc_get_Registro_AccionOperacion_Publicacion,Registro,AccionOperacion,Registro.OperacionCarteraPublicacion|Registro.OperacionCarteraPublicacionHistorico,,mapeo_ambiguo,media,"lee cdc.Registro_AccionOperacion_CT y une AccionOperacionOperacionCartera con OperacionCartera","no se encontro tabla Registro.AccionOperacion en AP5; existen tablas publicadas de operacion","probablemente impacta enriquecimiento/estado de operaciones, falta SP AP5 candidato claro"
fn_cdc_get_Contribucion_AltaCuentaMercadoExterno_Publicacion,Contribucion,AltaCuentaMercadoExterno,Contribucion.AltaCuentaMercadoExterno,Contribucion.MergeAltaCuentaMercadoExterno,mapeo_directo,alta,"lee cdc.Contribucion_AltaCuentaMercadoExterno_CT","Publicacion.sql contiene tabla y MergeAltaCuentaMercadoExterno","caso directo de CDC a tabla AP5"
fn_cdc_get_Contribucion_CambioEstadoCuenta_Publicacion,Contribucion,CambioEstadoCuenta,Contribucion.CambioEstadoCuenta,Contribucion.MergeCambioEstadoCuenta,mapeo_directo,alta,"lee cdc.Contribucion_CambioEstadoCuenta_CT","Publicacion.sql contiene tabla y MergeCambioEstadoCuenta","caso directo de cambio de estado de cuenta"
fn_cdc_get_Contribucion_Cancelacion_Publicacion,Contribucion,Cancelacion,Contribucion.Cancelacion,Contribucion.MergeCancelacion,mapeo_directo,alta,"lee cdc.Contribucion_Cancelacion_CT y enriquece con CuentaRegistro, Contrato y EstadoCancelacionManual","Publicacion.sql contiene tabla Contribucion.Cancelacion y MergeCancelacion","complementa circuito de cancelaciones desde contribucion"
fn_cdc_get_Contribucion_Cuenta_Publicacion,Contribucion,Cuenta,Contribucion.Cuenta|Personas.CuentaRegistroPublicacion,Contribucion.InsertCuenta|Contribucion.InsertCuentas|Personas.MergeCuentaRegistroPublicacion,mapeo_probable,media,"lee cdc.Contribucion_Cuenta_CT","AP5 contiene Contribucion.Cuenta; se observaron InsertCuenta/InsertCuentas y MergeCuentaRegistroPublicacion","no se encontro MergeCuenta simetrico; puede alimentar cuenta y disparar publicacion de cuenta registro"
fn_cdc_get_Contribucion_MargenEntrega_Publicacion,Contribucion,MargenEntrega,Contribucion.MargenEntrega,Contribucion_MargenEntrega.dtsx,mapeo_probable,media,"funcion CDC arma margen con cuentas, grupo escenario, grupo producto, contratos y operaciones","AP5 contiene tabla Contribucion.MargenEntrega; SSIS tambien la toca","no se encontro MergeMargenEntrega en Publicacion.sql; podria convivir con SSIS"
fn_cdc_get_Mensajes_MensajeCompensacionDepositariaDetalle_Publicacion,Mensajes,MensajeCompensacionDepositariaDetalle,Mensajes.MensajeCompensacionDepositariaDetalle,Mensajes.InsertMensajeCompensacionMTMDepositarias|MensajesGeneral.MergeMensajePublicacion,mapeo_directo,alta,"lee cdc.Mensajes_MensajeCompensacionDepositariaDetalle_CT y cabecera MensajeCompensacionDepositaria","AP5 contiene tabla MensajeCompensacionDepositariaDetalle e InsertMensajeCompensacionMTMDepositarias","caso donde SSIS no tenia evidencia y CDC abre el circuito"
fn_cdc_get_Mensajes_MensajeDepositoIVA_Publicacion,Mensajes,MensajeDepositoIVA,Mensajes.MensajeDepositoIva|Mensajes.MensajeDepositoIvaDetalle,Mensajes.InsertMensajeDepositoDeIVA|Mensajes.InsertMensajeDepositoDeIVADetalle|MensajesGeneral.MergeMensajePublicacion,mapeo_directo,alta,"lee cdc.Mensajes_MensajeDepositoIVA_CT y une MensajesGeneral.Mensaje, CuentaCompensacion y CuentaRegistro","AP5 contiene tablas MensajeDepositoIva y MensajeDepositoIvaDetalle e inserts especificos","diferencia de casing IVA/Iva; relacion directa"
fn_cdc_get_Mensajes_MensajeTransferenciaCuotaParte_Publicacion,Mensajes,MensajeTransferenciaCuotaParte,Mensajes.MensajeTransferenciaCuotaparteIngreso|Mensajes.MensajeTransferenciaCuotaparteEgreso,Mensajes.InsertMensajeTransferenciaCuotaparteIngreso|Mensajes.InsertMensajeTransferenciaCuotaparteEgreso|MensajesGeneral.MergeMensajePublicacion,mapeo_directo,alta,"lee cdc.Mensajes_MensajeTransferenciaCuotaParte_CT y enriquece con cotizacion, aforo, finalidad y activo","AP5 contiene tablas de ingreso y egreso de cuotaparte e inserts especificos","una funcion CDC candidata para dos tablas AP5 segun lado del movimiento"
fn_cdc_get_MensajesGeneral_Mensaje_Publicacion,MensajesGeneral,Mensaje,MensajesGeneral.MensajePublicacion|MensajesGeneral.MensajePublicacionHistorico,MensajesGeneral.MergeMensajePublicacion,mapeo_directo,alta,"lee cambios de MensajesGeneral.Mensaje en Clearing","Publicacion.sql contiene MergeMensajePublicacion y tablas MensajePublicacion/MensajePublicacionHistorico","puente central para estados de mensajes publicados"
