"funcion_cdc","esquema_inferido","objeto_inferido","variante","tipo","fuente"
"fn_cdc_get_Compensacion_BonificacionPorPlazo_Publicacion","Compensacion","BonificacionPorPlazo","activa_o_no_validada","funcion_cdc","Clearing.sql"
"fn_cdc_get_Compensacion_GrupoEscenarioPorcentajeBonificacionPorPlazo_Publicacion","Compensacion","GrupoEscenarioPorcentajeBonificacionPorPlazo","activa_o_no_validada","funcion_cdc","Clearing.sql"
"fn_cdc_get_Compensacion_GrupoProducto_Publicacion","Compensacion","GrupoProducto","activa_o_no_validada","funcion_cdc","Clearing.sql"
"fn_cdc_get_Compensacion_Margen_Publicacion","Compensacion","Margen","activa_o_no_validada","funcion_cdc","Clearing.sql"
"fn_cdc_get_Compensacion_MargenEntreProductoNivel_Publicacion","Compensacion","MargenEntreProductoNivel","activa_o_no_validada","funcion_cdc","Clearing.sql"
"fn_cdc_get_Compensacion_MargenLimitePosicionAbierta_Publicacion","Compensacion","MargenLimitePosicionAbierta","activa_o_no_validada","funcion_cdc","Clearing.sql"
"fn_cdc_get_Compensacion_MargenProducto_Publicacion","Compensacion","MargenProducto","activa_o_no_validada","funcion_cdc","Clearing.sql"
"fn_cdc_get_Compensacion_ParametroContrato_Publicacion","Compensacion","ParametroContrato","activa_o_no_validada","funcion_cdc","Clearing.sql"
"fn_cdc_get_Compensacion_PorcentajeMontoDrpPorCuenta_Publicacion","Compensacion","PorcentajeMontoDrpPorCuenta","activa_o_no_validada","funcion_cdc","Clearing.sql"
"fn_cdc_get_ComprobantesGeneral_ComprobanteVenta_Publicacion","ComprobantesGeneral","ComprobanteVenta","activa_o_no_validada","funcion_cdc","Clearing.sql"
"fn_cdc_get_ComprobantesGeneral_ComprobanteVentaDetalle_Publicacion_OLD","ComprobantesGeneral","ComprobanteVentaDetalle","legacy","funcion_cdc","Clearing.sql"
"fn_cdc_get_Contabilidad_Movimiento_Publicacion","Contabilidad","Movimiento","activa_o_no_validada","funcion_cdc","Clearing.sql"
"fn_cdc_get_Contabilidad_MovimientoDetalle_Publicacion","Contabilidad","MovimientoDetalle","activa_o_no_validada","funcion_cdc","Clearing.sql"
"fn_cdc_get_Contribucion_AltaCuentaMercadoExterno_Publicacion","Contribucion","AltaCuentaMercadoExterno","activa_o_no_validada","funcion_cdc","Clearing.sql"
"fn_cdc_get_Contribucion_CambioEstadoCuenta_Publicacion","Contribucion","CambioEstadoCuenta","activa_o_no_validada","funcion_cdc","Clearing.sql"
"fn_cdc_get_Contribucion_Cancelacion_Publicacion","Contribucion","Cancelacion","activa_o_no_validada","funcion_cdc","Clearing.sql"
"fn_cdc_get_Contribucion_Cuenta_Publicacion","Contribucion","Cuenta","activa_o_no_validada","funcion_cdc","Clearing.sql"
"fn_cdc_get_Contribucion_MargenEntrega_Publicacion","Contribucion","MargenEntrega","activa_o_no_validada","funcion_cdc","Clearing.sql"
"fn_cdc_get_General_CotizacionMoneda_Publicacion","General","CotizacionMoneda","activa_o_no_validada","funcion_cdc","Clearing.sql"
"fn_cdc_get_General_Proceso_Publicacion","General","Proceso","activa_o_no_validada","funcion_cdc","Clearing.sql"
"fn_cdc_get_Mensajes_MensajeCompensacionDepositariaDetalle_Publicacion","Mensajes","MensajeCompensacionDepositariaDetalle","activa_o_no_validada","funcion_cdc","Clearing.sql"
"fn_cdc_get_Mensajes_MensajeDepositoIVA_Publicacion","Mensajes","MensajeDepositoIVA","activa_o_no_validada","funcion_cdc","Clearing.sql"
"fn_cdc_get_Mensajes_MensajeTransferenciaCuotaParte_Publicacion","Mensajes","MensajeTransferenciaCuotaParte","activa_o_no_validada","funcion_cdc","Clearing.sql"
"fn_cdc_get_MensajesGeneral_Mensaje_Publicacion","MensajesGeneral","Mensaje","activa_o_no_validada","funcion_cdc","Clearing.sql"
"fn_cdc_get_Personas_CuentaNeteo_Publicacion","Personas","CuentaNeteo","activa_o_no_validada","funcion_cdc","Clearing.sql"
"fn_cdc_get_Personas_CuentaRegistro_Publicacion","Personas","CuentaRegistro","activa_o_no_validada","funcion_cdc","Clearing.sql"
"fn_cdc_get_Personas_CuentaRegistroGrupoProductoCancelacion_Publicacion","Personas","CuentaRegistroGrupoProductoCancelacion","activa_o_no_validada","funcion_cdc","Clearing.sql"
"fn_cdc_get_Productos_Ajuste_Publicacion","Productos","Ajuste","activa_o_no_validada","funcion_cdc","Clearing.sql"
"fn_cdc_get_Productos_Contrato_Publicacion","Productos","Contrato","activa_o_no_validada","funcion_cdc","Clearing.sql"
"fn_cdc_get_Productos_ContratoMensajeWarrant_Publicacion","Productos","ContratoMensajeWarrant","activa_o_no_validada","funcion_cdc","Clearing.sql"
"fn_cdc_get_Registro_AccionOperacion_Publicacion","Registro","AccionOperacion","activa_o_no_validada","funcion_cdc","Clearing.sql"
"fn_cdc_get_Registro_CancelacionCartera_Publicacion","Registro","CancelacionCartera","activa_o_no_validada","funcion_cdc","Clearing.sql"
"fn_cdc_get_Registro_OperacionCartera_Publicacion","Registro","OperacionCartera","activa_o_no_validada","funcion_cdc","Clearing.sql"
"fn_cdc_get_Registro_OperacionCartera_Publicacion_old","Registro","OperacionCartera","legacy","funcion_cdc","Clearing.sql"
"fn_cdc_get_Registro_RelacionOperacionAFijar_Publicacion","Registro","RelacionOperacionAFijar","activa_o_no_validada","funcion_cdc","Clearing.sql"
