"funcion_cdc","esquema_inferido","objeto_inferido","tabla_ap5_candidata","mecanismo_ap5_candidato","clasificacion","confianza","observaciones"
"cdc.fn_cdc_get_Compensacion_BonificacionPorPlazo_Publicacion","Compensacion","BonificacionPorPlazo","Compensacion.MargenPublicacionHistorico|Compensacion.MargenPublicacion","999_MargenPublicacion.dtsx|999_MargenPublicacion_5Dias.dtsx","mapeo_probable","baja","No existe tabla AP5 homonima; se relaciona funcionalmente con margenes y bonificaciones."
"cdc.fn_cdc_get_Compensacion_GrupoEscenarioPorcentajeBonificacionPorPlazo_Publicacion","Compensacion","GrupoEscenarioPorcentajeBonificacionPorPlazo","Compensacion.MargenPublicacionHistorico|Compensacion.MargenPublicacion","999_MargenPublicacion.dtsx|999_MargenPublicacion_5Dias.dtsx","mapeo_probable","baja","No existe tabla AP5 homonima; probable parametro de calculo de margen/bonificacion."
"cdc.fn_cdc_get_Compensacion_GrupoProducto_Publicacion","Compensacion","GrupoProducto","Productos.Contrato|Productos.ListaContrato","040_Productos.dtsx|_100_SecurityList.dtsx","mapeo_ambiguo","baja","AP5 no tiene Compensacion.GrupoProducto; aparece como atributo descriptivo en circuitos de productos."
"cdc.fn_cdc_get_Compensacion_Margen_Publicacion","Compensacion","Margen","Compensacion.MargenPublicacion|Compensacion.MargenPublicacionHistorico","999_MargenPublicacion.dtsx|999_MargenPublicacion_5Dias.dtsx|PersonasEntrega.dtsx","mapeo_probable","media","El nombre CDC coincide con el dominio de tablas de margen publicadas, aunque no hay Merge homonimo observado."
"cdc.fn_cdc_get_Compensacion_MargenEntreProductoNivel_Publicacion","Compensacion","MargenEntreProductoNivel","Compensacion.MargenDetalleGrupoProducto","Compensacion_MargenDetalleGrupoProducto.dtsx","mapeo_probable","media","No hay tabla AP5 homonima; el destino candidato mas cercano es detalle de margen por grupo/producto."
"cdc.fn_cdc_get_Compensacion_MargenLimitePosicionAbierta_Publicacion","Compensacion","MargenLimitePosicionAbierta","Compensacion.MargenPublicacion|Compensacion.MargenPublicacionHistorico","999_MargenPublicacion.dtsx|999_MargenPublicacion_5Dias.dtsx","mapeo_probable","baja","Probable insumo de margen publicado; requiere confirmar consumidor exacto."
"cdc.fn_cdc_get_Compensacion_MargenProducto_Publicacion","Compensacion","MargenProducto","Compensacion.MargenDetalleGrupoProducto|Compensacion.MargenesContrato","Compensacion_MargenDetalleGrupoProducto.dtsx|600_MargenesContratos.dtsx","mapeo_probable","media","Relacion por dominio de margen/producto; no hay tabla AP5 homonima."
"cdc.fn_cdc_get_Compensacion_ParametroContrato_Publicacion","Compensacion","ParametroContrato","Compensacion.ParametroContratoPublicacion","Compensacion_ParametroContratoPublicacion.dtsx","mapeo_directo","alta","Tabla AP5 con sufijo Publicacion y paquete especifico."
"cdc.fn_cdc_get_Compensacion_PorcentajeMontoDrpPorCuenta_Publicacion","Compensacion","PorcentajeMontoDrpPorCuenta","Compensacion.DerivacionDRP","Compensacion_DerivacionDRP.dtsx|Compensacion_DerivacionDRP_Update.dtsx","mapeo_probable","media","DRP aparece publicado como DerivacionDRP; falta confirmar si este porcentaje impacta esa tabla directamente."
"cdc.fn_cdc_get_ComprobantesGeneral_ComprobanteVenta_Publicacion","ComprobantesGeneral","ComprobanteVenta","ComprobantesGeneral.ComprobantePublicacion","Comprobantes_Facturacion.dtsx|Comprobantes_Liquidaciones.dtsx","mapeo_probable","alta","No hay tabla ComprobanteVenta en AP5; el destino publicado equivalente es ComprobantePublicacion."
"cdc.fn_cdc_get_ComprobantesGeneral_ComprobanteVentaDetalle_Publicacion_OLD","ComprobantesGeneral","ComprobanteVentaDetalle","ComprobantesGeneral.ComprobanteDetallePublicacion","Comprobantes_Facturacion.dtsx|Comprobantes_Liquidaciones.dtsx","mapeo_probable","media","Funcion legacy; el destino publicado equivalente es ComprobanteDetallePublicacion."
"cdc.fn_cdc_get_Contabilidad_Movimiento_Publicacion","Contabilidad","Movimiento","Contabilidad.MovimientoPublicacionHistorico","Contabilidad.MergeMovimientoPublicacion|965_Movimientos.dtsx","mapeo_probable","alta","AP5 no tiene tabla Movimiento; si tiene historico publicado y SP MergeMovimientoPublicacion."
"cdc.fn_cdc_get_Contabilidad_MovimientoDetalle_Publicacion","Contabilidad","MovimientoDetalle","Contabilidad.MovimientoPublicacionHistorico","Contabilidad.MergeMovimientoDetallePublicacion|965_Movimientos.dtsx","mapeo_probable","alta","AP5 no tiene tabla MovimientoDetalle; se consolida en historico publicado."
"cdc.fn_cdc_get_General_CotizacionMoneda_Publicacion","General","CotizacionMoneda","General.CotizacionMoneda","General.MergeCotizacionMoneda|020_General.dtsx","mapeo_directo","alta","Tabla AP5 homonima y SP Merge especifico."
"cdc.fn_cdc_get_General_Proceso_Publicacion","General","Proceso","General.Proceso","020_General.dtsx","mapeo_directo","alta","Tabla AP5 homonima; no se observo Merge especifico en esta pasada."
"cdc.fn_cdc_get_Personas_CuentaNeteo_Publicacion","Personas","CuentaNeteo","Personas.CuentaNeteo|Personas.CuentaNeteoPublicacion","030_PersonasGeneral*","mapeo_directo","alta","Tabla homonima y variante Publicacion observadas en AP5."
"cdc.fn_cdc_get_Personas_CuentaRegistro_Publicacion","Personas","CuentaRegistro","Personas.CuentaRegistro|Personas.CuentaRegistroPublicacion","Personas.MergeCuentaRegistroPublicacion|030_PersonasGeneral*|031_CuentaRegistroPublicacion.dtsx","mapeo_directo","alta","Tabla homonima, tabla Publicacion y SP Merge especifico."
"cdc.fn_cdc_get_Personas_CuentaRegistroGrupoProductoCancelacion_Publicacion","Personas","CuentaRegistroGrupoProductoCancelacion","Personas.CuentaRegistroGrupoProductoCancelacion|Personas.CuentaRegistroPublicacion","031_CuentaRegistroPublicacion.dtsx","mapeo_directo","alta","Tabla homonima existe; ademas es insumo observado del paquete de CuentaRegistroPublicacion."
"cdc.fn_cdc_get_Productos_Ajuste_Publicacion","Productos","Ajuste","Productos.Ajuste","040_Productos.dtsx|Horus_Productos_Ajuste*.dtsx","mapeo_directo","alta","Tabla AP5 homonima y paquetes existentes."
"cdc.fn_cdc_get_Productos_Contrato_Publicacion","Productos","Contrato","Productos.Contrato","040_Productos.dtsx|Horus_Productos_Contrato.dtsx","mapeo_directo","alta","Tabla AP5 homonima y paquetes existentes."
"cdc.fn_cdc_get_Productos_ContratoMensajeWarrant_Publicacion","Productos","ContratoMensajeWarrant","Activos.ActivoCertificadoDepositoWarrantPublicacion|Mensajes.MensajeCertificadoDepositoWarrant|Productos.ProductoWarrant","Activos_ActivoCertificadoDepositoWarrantPublicacion.dtsx|MensajesGeneral.InsertMensajeWarrant","mapeo_probable","media","No hay tabla AP5 homonima; se observa como insumo del circuito Warrant."
