schema,total_tables,tables_with_evidence,tables_without_evidence,active_packages,outside_dtproj_packages
Activos,20,17,3,"200_ActivoFinalidad.dtsx|201_ActivoCuentaDepositaria.dtsx|202_FondoFinalidad.dtsx|203_FondoCuentaDepositaria.dtsx|510_MovimientoPublicacion.dtsx|700_ActivosPublicacion.dtsx|920_Activos.dtsx|950_PortfolioDeActivos.dtsx|Activos_ActivoCertificadoDepositoWarrantPublicacion.dtsx|Activos_ActivoPublicacionMoneda.dtsx|Activos_AvalPublicacion.dtsx|Activos_GrupoOperacionCartera.dtsx|Activos_TipoMensajeCuentaDepositaria.dtsx|Comprobantes_Facturacion.dtsx|Comprobantes_Liquidaciones.dtsx|Comprobantes_ManualPublicacion.dtsx|Contrato_Personas_Cotizaciones_StockWatch.dtsx|Operaciones_CancelacionManual.dtsx|Registro_AgrupamientoOfertaEntregaPublicacion.dtsx","510_MovimientoPublicacion_7Dias.dtsx|510_MovimientoPublicacionHistorico.dtsx|800_GarantiasOpcionesMerval.dtsx|Activos_MovimientoCustodiaNoProcesadoPublicacion.dtsx|MovimientoPublicacionUpdateTesting.dtsx"
Compensacion,12,10,2,"090_ConversionContrato.dtsx|600_MargenesContratos.dtsx|999_MargenPublicacion.dtsx|999_MargenPublicacion_5Dias.dtsx|Compensacion_DerivacionDRP.dtsx|Compensacion_DerivacionDRP_Update.dtsx|Compensacion_MargenDetalleGrupoProducto.dtsx|Compensacion_ParametroContratoPublicacion.dtsx|DatosIniciales.dtsx|Personas_Usuario.dtsx|PersonasEntrega.dtsx|SimulacionContratoPublicacion.dtsx|SimulacionEscenarioPublicacion.dtsx",
ComprobantesGeneral,9,8,1,"Activos_TipoMensajeCuentaDepositaria.dtsx|Comprobantes_Entidad.dtsx|Comprobantes_Facturacion.dtsx|Comprobantes_Liquidaciones.dtsx|Comprobantes_ManualPublicacion.dtsx|Comprobantes_Retenciones.dtsx|Contribucion_BonificacionDMA.dtsx|Contribucion_ComprobanteDetalleExterno.dtsx|Personas_FondoComunInversion.dtsx|Personas_SociedadDepositaria.dtsx|Productos_InstrumentoDigital.dtsx|SimulacionContratoPublicacion.dtsx|SimulacionEscenarioPublicacion.dtsx",
Contabilidad,4,1,3,965_Movimientos.dtsx,
Contribucion,38,10,28,"992_Ordenes.dtsx|993_AjustesInteresAbierto_EXT.dtsx|994_TradeVolumen.dtsx|Contribucion_BonificacionDMA.dtsx|Contribucion_Cuenta.dtsx|Contribucion_DepositoIvaPublicacion (1).dtsx|Contribucion_DistribucionActivo.dtsx|Contribucion_InstrumentoDigital.dtsx|Contribucion_MargenEntrega.dtsx|Contribucion_Orden_Contingencia.dtsx|Contribucion_Orden_Estado.dtsx|MarketData_Ajustes.dtsx|MarketData_AjustesRFX20.dtsx|MarketData_AjustesViejo.dtsx|MarketData_ClossingPrices.dtsx|MarketData_CotizacionSpot.dtsx|MarketData_InteresAbierto.dtsx|MarketData_SoloAjustes.dtsx|MarketData_SoloAjustes_SinProceso.dtsx","Contribucion_DepositoIvaPublicacion.dtsx|Contribucion_OfertaEntrega.dtsx|Contribucion_RelacionOperacionesAFijar.dtsx"
General,19,19,0,"010_OperacionCarteraCancelada.dtsx|020_General.dtsx|020_LiquidacionValores.dtsx|030_PersonasGeneral.dtsx|030_PersonasGeneralLight.dtsx|030_PersonasGeneralViejo.dtsx|090_ConversionContrato.dtsx|200_ActivoFinalidad.dtsx|600_MargenesContratos.dtsx|700_ActivosPublicacion.dtsx|950_PortfolioDeActivos.dtsx|Activos_GrupoOperacionCartera.dtsx|Compensacion_DerivacionDRP.dtsx|Contrato_Personas_Cotizaciones_StockWatch.dtsx|General_ConversionUnidadMedida.dtsx|MarketData_SoloAjustes.dtsx|PersonasEntrega.dtsx|ProcesoPublicacion.dtsx",
Mensajes,31,0,31,,
MensajesGeneral,5,0,5,,
Parametros,32,16,16,"010_Sistema.dtsx|015_Parametros.dtsx|030_PersonasGeneral.dtsx|030_PersonasGeneralLight.dtsx|DatosIniciales.dtsx|Parametros_Notificacion.dtsx|Parametros_NotificacionAdministracion.dtsx",
PersonasGeneral,32,32,0,"030_PersonasGeneral.dtsx|030_PersonasGeneralLight.dtsx|030_PersonasGeneralViejo.dtsx|Contribucion_MargenEntrega.dtsx|PersonasEntrega.dtsx|PersonasGeneral_Persona.dtsx|Productos_TarifaDevengada.dtsx|Productos_TarifaPublicacion.dtsx",
Productos,44,38,6,"_100_SecurityList.dtsx|040_Productos.dtsx|090_ConversionContrato.dtsx|100_SecurityList (2).dtsx|100_SecurityList.dtsx|100_SecurityList_FirstInsert.dtsx|100_SecurityListEXT.dtsx|991_Licitacion.dtsx|Activos_ActivoCertificadoDepositoWarrantPublicacion.dtsx|Contrato_Personas_Cotizaciones_StockWatch.dtsx|Horus_Productos_Ajuste.dtsx|Horus_Productos_Contrato.dtsx|Horus_Productos_CotizacionInstrumentoSpot.dtsx|Horus_Productos_InstrumentoSpot.dtsx|MarketData_Ajustes.dtsx|MarketData_AjustesRFX20.dtsx|MarketData_AjustesViejo.dtsx|Operaciones_CancelacionManual.dtsx|Parametros_NotificacionAdministracion.dtsx|Productos_ContratoAFijarPublicacion.dtsx|Productos_FondoComunInversion.dtsx|Productos_FondoComunInversionPublicacion.dtsx|Productos_InstrumentoDigital.dtsx|Productos_TarifaDevengada.dtsx|Productos_TarifaPublicacion.dtsx|Productos_ValoresOTCAgro.dtsx","Horus_Productos_Ajuste (1).dtsx|Horus_Productos_Ajuste_.dtsx|Horus_VolatilidadImplicitaOperada.dtsx|Productos_FondoComunInversionPublicacionTipoPersona.dtsx"
Registro,29,15,14,"010_OperacionCarteraCancelada.dtsx|020_LiquidacionValores.dtsx|050_Registro.dtsx|050_Registro_Ampliado.dtsx|Activos_GrupoOperacionCartera.dtsx|Compensacion_DerivacionDRP.dtsx|Contrato_Personas_Cotizaciones_StockWatch.dtsx|Contribucion_PosicionCuotaPartista.dtsx|Horus_Registro_Operacion.dtsx|Horus_Registro_VolumenOperadoEntregado.dtsx|Registro_AgrupamientoOfertaEntregaPublicacion.dtsx|Registro_ConversionActivaPublicacion.dtsx|Registro_LiquidacionPublicacion.dtsx|Registro_OperacionCarteraExtension.dtsx|Registro_OperacionCarteraMovimientoActivo.dtsx|Registro_OperacionCarteraUsuario.dtsx|Registro_Portfolio.dtsx|Registro_RelacionOperacionesAFijar.dtsx|Registro_ReservaOfertaEntregaPublicacion.dtsx",LibroDeOrdenes.dtsx
Sistema,90,56,34,"010_Sistema.dtsx|040_Productos.dtsx|400_Usuarios.dtsx|510_MovimientoPublicacion.dtsx|950_PortfolioDeActivos.dtsx|Contribucion_ComprobanteDetalleExterno.dtsx|Horus_Productos_Ajuste.dtsx|Parametros_Notificacion.dtsx|ProcesoPublicacion.dtsx|Registro_PortfolioDetalleActualizarSaldo.dtsx|RolMultiCel.dtsx|RolMulticomitentes.dtsx","510_MovimientoPublicacion_7Dias.dtsx|510_MovimientoPublicacionHistorico.dtsx|Contribucion_OfertaEntrega.dtsx|Horus_Productos_Ajuste (1).dtsx|Horus_Productos_Ajuste_.dtsx|MovimientoPublicacionUpdateTesting.dtsx"
