package_name,status,group
_100_SecurityList.dtsx,activo_dtproj,Otros
010_OperacionCarteraCancelada.dtsx,activo_dtproj,Numerados
010_Sistema.dtsx,activo_dtproj,Numerados
015_Parametros.dtsx,activo_dtproj,Numerados
020_General.dtsx,activo_dtproj,Numerados
020_LiquidacionValores.dtsx,activo_dtproj,Numerados
030_PersonasGeneral.dtsx,activo_dtproj,Numerados
030_PersonasGeneralLight.dtsx,activo_dtproj,Numerados
030_PersonasGeneralViejo.dtsx,activo_dtproj,Numerados
031_CuentaRegistroPublicacion.dtsx,activo_dtproj,Numerados
040_Productos.dtsx,activo_dtproj,Numerados
050_Registro.dtsx,activo_dtproj,Numerados
050_Registro_Ampliado.dtsx,activo_dtproj,Numerados
051_RegistroUpdateTCR.dtsx,activo_dtproj,Numerados
090_ConversionContrato.dtsx,activo_dtproj,Numerados
100_CuentaNegociacion.dtsx,activo_dtproj,Numerados
100_SecurityList (2).dtsx,activo_dtproj,Numerados
100_SecurityList.dtsx,activo_dtproj,Numerados
100_SecurityList_FirstInsert.dtsx,activo_dtproj,Numerados
100_SecurityListEXT.dtsx,activo_dtproj,Numerados
200_ActivoFinalidad.dtsx,activo_dtproj,Numerados
201_ActivoCuentaDepositaria.dtsx,activo_dtproj,Numerados
202_FondoFinalidad.dtsx,activo_dtproj,Numerados
203_FondoCuentaDepositaria.dtsx,activo_dtproj,Numerados
400_Usuarios.dtsx,activo_dtproj,Numerados
510_MovimientoPublicacion.dtsx,activo_dtproj,Numerados
510_MovimientoPublicacion_7Dias.dtsx,fuera_dtproj,Numerados
510_MovimientoPublicacionHistorico.dtsx,fuera_dtproj,Numerados
600_MargenesContratos.dtsx,activo_dtproj,Numerados
700_ActivosPublicacion.dtsx,activo_dtproj,Numerados
800_GarantiasOpcionesMerval.dtsx,fuera_dtproj,Numerados
920_Activos.dtsx,activo_dtproj,Numerados
950_PortfolioDeActivos.dtsx,activo_dtproj,Numerados
965_Movimientos.dtsx,activo_dtproj,Numerados
990_PersonasParte.dtsx,activo_dtproj,Numerados
991_Licitacion.dtsx,activo_dtproj,Numerados
992_Ordenes.dtsx,activo_dtproj,Numerados
993_AjustesInteresAbierto_EXT.dtsx,activo_dtproj,Numerados
994_TradeVolumen.dtsx,activo_dtproj,Numerados
999_MargenPublicacion.dtsx,activo_dtproj,Numerados
999_MargenPublicacion_5Dias.dtsx,activo_dtproj,Numerados
Activos_ActivoCertificadoDepositoWarrantPublicacion.dtsx,activo_dtproj,Activos
Activos_ActivoPublicacionMoneda.dtsx,activo_dtproj,Activos
Activos_AvalPublicacion.dtsx,activo_dtproj,Activos
Activos_GrupoOperacionCartera.dtsx,activo_dtproj,Activos
Activos_MovimientoCustodiaNoProcesadoPublicacion.dtsx,fuera_dtproj,Activos
Activos_TipoMensajeCuentaDepositaria.dtsx,activo_dtproj,Activos
CanceladasManuales_Estado.dtsx,activo_dtproj,CanceladasManuales
Compensacion_DerivacionDRP.dtsx,activo_dtproj,Compensacion
Compensacion_DerivacionDRP_EstadoDerivacionDRPID.dtsx,activo_dtproj,Compensacion
Compensacion_DerivacionDRP_Update.dtsx,activo_dtproj,Compensacion
Compensacion_MargenDetalleGrupoProducto.dtsx,activo_dtproj,Compensacion
Compensacion_ParametroContratoPublicacion.dtsx,activo_dtproj,Compensacion
Comprobantes_Entidad.dtsx,activo_dtproj,Comprobantes
Comprobantes_Facturacion.dtsx,activo_dtproj,Comprobantes
Comprobantes_Liquidaciones.dtsx,activo_dtproj,Comprobantes
Comprobantes_ManualPublicacion.dtsx,activo_dtproj,Comprobantes
Comprobantes_Retenciones.dtsx,activo_dtproj,Comprobantes
Contabilidad_CalcularWidgets.dtsx,fuera_dtproj,Contabilidad
Contrato_Personas_Cotizaciones_StockWatch.dtsx,activo_dtproj,Contrato
Contribucion_BonificacionDMA.dtsx,activo_dtproj,Contribucion
Contribucion_ComprobanteDetalleExterno.dtsx,activo_dtproj,Contribucion
Contribucion_Cuenta.dtsx,activo_dtproj,Contribucion
Contribucion_DepositoIvaPublicacion (1).dtsx,activo_dtproj,Contribucion
Contribucion_DepositoIvaPublicacion.dtsx,fuera_dtproj,Contribucion
Contribucion_DistribucionActivo.dtsx,activo_dtproj,Contribucion
Contribucion_InstrumentoDigital.dtsx,activo_dtproj,Contribucion
Contribucion_MargenEntrega.dtsx,activo_dtproj,Contribucion
Contribucion_MovimientoCustodia.dtsx,activo_dtproj,Contribucion
Contribucion_OfertaEntrega.dtsx,fuera_dtproj,Contribucion
Contribucion_Orden_Contingencia.dtsx,activo_dtproj,Contribucion
Contribucion_Orden_Estado.dtsx,activo_dtproj,Contribucion
Contribucion_PosicionCuotaPartista.dtsx,activo_dtproj,Contribucion
Contribucion_RelacionOperacionesAFijar.dtsx,fuera_dtproj,Contribucion
DatosIniciales.dtsx,activo_dtproj,DatosIniciales
EndOfDay.dtsx,activo_dtproj,EndOfDay
General_ConversionUnidadMedida.dtsx,activo_dtproj,General
Horus_Productos_Ajuste (1).dtsx,fuera_dtproj,Horus
Horus_Productos_Ajuste.dtsx,activo_dtproj,Horus
Horus_Productos_Ajuste_.dtsx,fuera_dtproj,Horus
Horus_Productos_Contrato.dtsx,activo_dtproj,Horus
Horus_Productos_CotizacionInstrumentoSpot.dtsx,activo_dtproj,Horus
Horus_Productos_InstrumentoSpot.dtsx,activo_dtproj,Horus
Horus_Registro_Operacion.dtsx,activo_dtproj,Horus
Horus_Registro_VolumenOperadoEntregado.dtsx,activo_dtproj,Horus
Horus_VolatilidadImplicitaOperada.dtsx,fuera_dtproj,Horus
LibroDeOrdenes.dtsx,fuera_dtproj,LibroDeOrdenes
MarketData_Ajustes.dtsx,activo_dtproj,MarketData
MarketData_AjustesRFX20.dtsx,activo_dtproj,MarketData
MarketData_AjustesViejo.dtsx,activo_dtproj,MarketData
MarketData_ClossingPrices.dtsx,activo_dtproj,MarketData
MarketData_CotizacionSpot.dtsx,activo_dtproj,MarketData
MarketData_InteresAbierto.dtsx,activo_dtproj,MarketData
MarketData_SoloAjustes.dtsx,activo_dtproj,MarketData
MarketData_SoloAjustes_SinProceso.dtsx,activo_dtproj,MarketData
MovimientoPublicacionUpdateTesting.dtsx,fuera_dtproj,MovimientoPublicacion
Operaciones_CancelacionManual.dtsx,activo_dtproj,Operaciones
OrdenesPrimaryData.dtsx,activo_dtproj,Ordenes
Parametros_Notificacion.dtsx,activo_dtproj,Parametros
Parametros_NotificacionAdministracion.dtsx,activo_dtproj,Parametros
Persona_PersonaHistorico.dtsx,fuera_dtproj,Persona
Personas_ArchivoPublicacion.dtsx,fuera_dtproj,Personas
Personas_CuentaDepositariaPublicacion.dtsx,activo_dtproj,Personas
Personas_CuentaRegistroCoTitular.dtsx,activo_dtproj,Personas
Personas_CuentaRegistroCoTitularUpdate.dtsx,fuera_dtproj,Personas
Personas_DatosPatrimoniales.dtsx,activo_dtproj,Personas
Personas_Emisor.dtsx,activo_dtproj,Personas
Personas_FondoComunInversion.dtsx,activo_dtproj,Personas
Personas_SociedadDepositaria.dtsx,activo_dtproj,Personas
Personas_Usuario.dtsx,activo_dtproj,Personas
Personas_UsuarioMiPortafolio.dtsx,activo_dtproj,Personas
PersonasEntrega.dtsx,activo_dtproj,Personas
PersonasGeneral_Persona.dtsx,activo_dtproj,Personas
ProcesoPublicacion.dtsx,activo_dtproj,Proceso
Productos_ContratoAFijarPublicacion.dtsx,activo_dtproj,Productos
Productos_FondoComunInversion.dtsx,activo_dtproj,Productos
Productos_FondoComunInversionPublicacion.dtsx,activo_dtproj,Productos
Productos_FondoComunInversionPublicacionTipoPersona.dtsx,fuera_dtproj,Productos
Productos_InstrumentoDigital.dtsx,activo_dtproj,Productos
Productos_TarifaDevengada.dtsx,activo_dtproj,Productos
Productos_TarifaPublicacion.dtsx,activo_dtproj,Productos
Productos_ValoresOTCAgro.dtsx,activo_dtproj,Productos
Registro_AgrupamientoOfertaEntregaPublicacion.dtsx,activo_dtproj,Registro
Registro_ConversionActivaPublicacion.dtsx,activo_dtproj,Registro
Registro_LiquidacionPublicacion.dtsx,activo_dtproj,Registro
Registro_OperacionCarteraExtension.dtsx,activo_dtproj,Registro
Registro_OperacionCarteraMovimientoActivo.dtsx,activo_dtproj,Registro
Registro_OperacionCarteraUsuario.dtsx,activo_dtproj,Registro
Registro_Portfolio.dtsx,activo_dtproj,Registro
Registro_PortfolioDetalleActualizarSaldo.dtsx,activo_dtproj,Registro
Registro_RelacionOperacionesAFijar.dtsx,activo_dtproj,Registro
Registro_ReservaOfertaEntregaPublicacion.dtsx,activo_dtproj,Registro
RolMultiCel.dtsx,activo_dtproj,Rol
RolMulticomitentes.dtsx,activo_dtproj,Rol
SimulacionContratoPublicacion.dtsx,activo_dtproj,Simulacion
SimulacionEscenarioPublicacion.dtsx,activo_dtproj,Simulacion
StockWatch.dtsx,activo_dtproj,StockWatch
