"tabla","status","paquete_principal","paquetes_principales","evidencia"
"ClasificacionArchivo","sincronizacion_explicita","015_Parametros.dtsx","015_Parametros.dtsx","OpenRowset|UPDATE"
"ClasificacionCuentaDepositaria","sincronizacion_explicita","015_Parametros.dtsx","015_Parametros.dtsx","OpenRowset|UPDATE"
"ClasificacionMovimientoActivo","sin_evidencia_ssis","","",""
"Concepto","sincronizacion_explicita","015_Parametros.dtsx","015_Parametros.dtsx","OpenRowset|UPDATE"
"Ejecucion","sincronizacion_explicita","015_Parametros.dtsx","015_Parametros.dtsx","OpenRowset|UPDATE"
"Finalidad","sincronizacion_explicita","010_Sistema.dtsx","010_Sistema.dtsx|015_Parametros.dtsx","OpenRowset|OpenRowset|UPDATE"
"HorariosRueda","sin_evidencia_ssis","","",""
"MensajeOrigen","sin_evidencia_ssis","","",""
"MonedaWarrant","sin_evidencia_ssis","","",""
"Notificacion","sincronizacion_explicita","Parametros_Notificacion.dtsx","Parametros_Notificacion.dtsx|Parametros_NotificacionAdministracion.dtsx","OpenRowset|SELECT"
"NotificacionCanalesComunicacion","sin_evidencia_ssis","","",""
"NotificacionContenido","sincronizacion_explicita","Parametros_Notificacion.dtsx","Parametros_Notificacion.dtsx|Parametros_NotificacionAdministracion.dtsx","OpenRowset|SELECT"
"NotificacionDestinatario","sincronizacion_explicita","Parametros_Notificacion.dtsx","Parametros_Notificacion.dtsx|Parametros_NotificacionAdministracion.dtsx","OpenRowset|SELECT"
"NotificacionPlantilla","sincronizacion_explicita","Parametros_NotificacionAdministracion.dtsx","Parametros_NotificacionAdministracion.dtsx","OpenRowset|SELECT"
"OrdenOrigen","sin_evidencia_ssis","","",""
"ProcedenciaMensaje","sin_evidencia_ssis","","",""
"Rol","sin_evidencia_ssis","","",""
"TipoCuentaAdministrativa","sin_evidencia_ssis","","",""
"TipoCuentaCompensacion","sincronizacion_explicita","015_Parametros.dtsx","015_Parametros.dtsx","OpenRowset|UPDATE"
"TipoCuentaRegistro","sin_evidencia_ssis","","",""
"TipoEmision","sin_evidencia_ssis","","",""
"TipoEventoCorporativo","sin_evidencia_ssis","","",""
"TipoMensaje","sincronizacion_explicita","015_Parametros.dtsx","015_Parametros.dtsx","OpenRowset|UPDATE"
"TipoMovimientoInstruccionGarantia","sin_evidencia_ssis","","",""
"TipoNotificacion","sincronizacion_explicita","Parametros_Notificacion.dtsx","Parametros_Notificacion.dtsx|Parametros_NotificacionAdministracion.dtsx","OpenRowset|SELECT"
"TipoNotificacionContenido","sincronizacion_explicita","Parametros_Notificacion.dtsx","Parametros_Notificacion.dtsx|Parametros_NotificacionAdministracion.dtsx","OpenRowset|SELECT"
"TipoOrdenFCI","sin_evidencia_ssis","","",""
"TipoPersona","sincronizacion_explicita","015_Parametros.dtsx","015_Parametros.dtsx","OpenRowset|UPDATE"
"TipoPrimaDescuento","sin_evidencia_ssis","","",""
"TipoProceso","sincronizacion_explicita","015_Parametros.dtsx","015_Parametros.dtsx","OpenRowset|UPDATE"
"TipoRepo","sin_evidencia_ssis","","",""
"TipoRueda","sincronizacion_explicita","015_Parametros.dtsx","015_Parametros.dtsx","OpenRowset|UPDATE"
