paquete,estado_paquete,tabla,evidencia
040_Productos.dtsx,activo_dtproj,Accion,OpenRowset
040_Productos.dtsx,activo_dtproj,Ajuste,"DELETE|UPDATE|OpenRowset"
040_Productos.dtsx,activo_dtproj,Caucion,OpenRowset
040_Productos.dtsx,activo_dtproj,CertificadoDeposito,OpenRowset
040_Productos.dtsx,activo_dtproj,Contrato,OpenRowset
040_Productos.dtsx,activo_dtproj,ContratoPorDiferencia,"UPDATE|OpenRowset"
040_Productos.dtsx,activo_dtproj,Disponible,"UPDATE|OpenRowset"
040_Productos.dtsx,activo_dtproj,DisponibleDeFuturo,OpenRowset
040_Productos.dtsx,activo_dtproj,FideicomisoFinanciero,OpenRowset
040_Productos.dtsx,activo_dtproj,Forward,"DELETE|UPDATE|OpenRowset"
040_Productos.dtsx,activo_dtproj,ForwardOTC,"DELETE|UPDATE|OpenRowset"
040_Productos.dtsx,activo_dtproj,Futuro,"UPDATE|OpenRowset"
040_Productos.dtsx,activo_dtproj,ObligacionNegociable,OpenRowset
040_Productos.dtsx,activo_dtproj,Opcion,"UPDATE|OpenRowset"
040_Productos.dtsx,activo_dtproj,OpcionOTC,"UPDATE|OpenRowset"
040_Productos.dtsx,activo_dtproj,Producto,OpenRowset
040_Productos.dtsx,activo_dtproj,Puerto,OpenRowset
040_Productos.dtsx,activo_dtproj,Subyacente,OpenRowset
040_Productos.dtsx,activo_dtproj,Titulo,OpenRowset
040_Productos.dtsx,activo_dtproj,Valuacion,"DELETE|OpenRowset"
090_ConversionContrato.dtsx,activo_dtproj,ConversionContrato,"UPDATE|OpenRowset"
100_SecurityList (2).dtsx,activo_dtproj,ListaContrato,OpenRowset
100_SecurityList (2).dtsx,activo_dtproj,ListaContratoCombinado,OpenRowset
100_SecurityList.dtsx,activo_dtproj,ListaContrato,OpenRowset
100_SecurityList.dtsx,activo_dtproj,ListaContratoCombinado,OpenRowset
100_SecurityListEXT.dtsx,activo_dtproj,ListaContrato,OpenRowset
100_SecurityList_FirstInsert.dtsx,activo_dtproj,ListaContrato,OpenRowset
100_SecurityList_FirstInsert.dtsx,activo_dtproj,ListaContratoCombinado,OpenRowset
991_Licitacion.dtsx,activo_dtproj,ContratoLicitacionEspecie,"DELETE|UPDATE|OpenRowset"
991_Licitacion.dtsx,activo_dtproj,Licitacion,"DELETE|UPDATE|OpenRowset"
Horus_Productos_Ajuste (1).dtsx,fuera_dtproj,Ajuste,"DELETE|OpenRowset"
Horus_Productos_Ajuste.dtsx,activo_dtproj,Ajuste,"DELETE|OpenRowset"
Horus_Productos_Ajuste_.dtsx,fuera_dtproj,Ajuste,"DELETE|OpenRowset"
Horus_Productos_Contrato.dtsx,activo_dtproj,Contrato,"UPDATE|OpenRowset"
Horus_Productos_CotizacionInstrumentoSpot.dtsx,activo_dtproj,CotizacionInstrumentoSpot,OpenRowset
Horus_Productos_InstrumentoSpot.dtsx,activo_dtproj,InstrumentoSpot,"UPDATE|OpenRowset"
Horus_VolatilidadImplicitaOperada.dtsx,fuera_dtproj,VolatilidadImplicitaOperada,OpenRowset
Operaciones_CancelacionManual.dtsx,activo_dtproj,GrupoProductoCancelacionProducto,"DELETE|UPDATE|OpenRowset"
Parametros_NotificacionAdministracion.dtsx,activo_dtproj,AdministracionNotificacion,OpenRowset
Parametros_NotificacionAdministracion.dtsx,activo_dtproj,NotificacionCanales,OpenRowset
Parametros_NotificacionAdministracion.dtsx,activo_dtproj,NotificacionProductos,OpenRowset
Productos_ContratoAFijarPublicacion.dtsx,activo_dtproj,ContratoAFijarPublicacion,"UPDATE|OpenRowset"
Productos_FondoComunInversion.dtsx,activo_dtproj,FondoComunInversion,OpenRowset
Productos_FondoComunInversion.dtsx,activo_dtproj,Subyacente,OpenRowset
Productos_FondoComunInversionPublicacion.dtsx,activo_dtproj,FondoComunInversionPublicacion,"UPDATE|OpenRowset"
Productos_FondoComunInversionPublicacion.dtsx,activo_dtproj,Subyacente,OpenRowset
Productos_FondoComunInversionPublicacionTipoPersona.dtsx,fuera_dtproj,FondoComunInversionPublicacionTipoPersona,OpenRowset
Productos_FondoComunInversionPublicacionTipoPersona.dtsx,fuera_dtproj,Subyacente,OpenRowset
Productos_InstrumentoDigital.dtsx,activo_dtproj,InstrumentoDigital,"UPDATE|OpenRowset"
Productos_TarifaDevengada.dtsx,activo_dtproj,TarifaDevengada,OpenRowset
Productos_TarifaDevengada.dtsx,activo_dtproj,TarifaDevengadaStage,OpenRowset
Productos_TarifaPublicacion.dtsx,activo_dtproj,TarifaPublicacion,OpenRowset
Productos_ValoresOTCAgro.dtsx,activo_dtproj,ValoresOTCAgro,OpenRowset
_100_SecurityList.dtsx,activo_dtproj,ListaContrato,OpenRowset
_100_SecurityList.dtsx,activo_dtproj,ListaContratoCombinado,OpenRowset
