tabla,status,paquetes_principales,evidencia
Ajuste,sincronizacion_explicita,040_Productos.dtsx|Horus_Productos_Ajuste (1).dtsx|Horus_Productos_Ajuste.dtsx|Horus_Productos_Ajuste_.dtsx,"DELETE|UPDATE|OpenRowset"
ContratoLicitacionEspecie,sincronizacion_explicita,991_Licitacion.dtsx,"DELETE|UPDATE|OpenRowset"
Licitacion,sincronizacion_explicita,991_Licitacion.dtsx,"DELETE|UPDATE|OpenRowset"
Subyacente,sincronizacion_explicita,040_Productos.dtsx|Productos_FondoComunInversion.dtsx|Productos_FondoComunInversionPublicacion.dtsx|Productos_FondoComunInversionPublicacionTipoPersona.dtsx,OpenRowset
Contrato,sincronizacion_explicita,040_Productos.dtsx|Horus_Productos_Contrato.dtsx,"UPDATE|OpenRowset"
Puerto,sincronizacion_explicita,040_Productos.dtsx,OpenRowset
DisponibleDeFuturo,sincronizacion_explicita,040_Productos.dtsx,OpenRowset
Disponible,sincronizacion_explicita,040_Productos.dtsx,"UPDATE|OpenRowset"
Futuro,sincronizacion_explicita,040_Productos.dtsx,"UPDATE|OpenRowset"
Producto,sincronizacion_explicita,040_Productos.dtsx,OpenRowset
CertificadoDeposito,sincronizacion_explicita,040_Productos.dtsx,OpenRowset
ObligacionNegociable,sincronizacion_explicita,040_Productos.dtsx,OpenRowset
Caucion,sincronizacion_explicita,040_Productos.dtsx,OpenRowset
FideicomisoFinanciero,sincronizacion_explicita,040_Productos.dtsx,OpenRowset
OpcionOTC,sincronizacion_explicita,040_Productos.dtsx,"UPDATE|OpenRowset"
ForwardOTC,sincronizacion_explicita,040_Productos.dtsx,"DELETE|UPDATE|OpenRowset"
Forward,sincronizacion_explicita,040_Productos.dtsx,"DELETE|UPDATE|OpenRowset"
ContratoPorDiferencia,sincronizacion_explicita,040_Productos.dtsx,"UPDATE|OpenRowset"
Titulo,sincronizacion_explicita,040_Productos.dtsx,OpenRowset
Opcion,sincronizacion_explicita,040_Productos.dtsx,"UPDATE|OpenRowset"
Accion,sincronizacion_explicita,040_Productos.dtsx,OpenRowset
SerieRentaFijaPublicacion,sin_evidencia_ssis,,
TarifaDevengada,sincronizacion_explicita,Productos_TarifaDevengada.dtsx,OpenRowset
ValoresOTCAgro,sincronizacion_explicita,Productos_ValoresOTCAgro.dtsx,OpenRowset
FondoComunInversionPublicacion,sincronizacion_explicita,Productos_FondoComunInversionPublicacion.dtsx,"UPDATE|OpenRowset"
ContratoAFijarPublicacion,sincronizacion_explicita,Productos_ContratoAFijarPublicacion.dtsx,"UPDATE|OpenRowset"
GrupoProductoCancelacionProducto,sincronizacion_explicita,Operaciones_CancelacionManual.dtsx,"DELETE|UPDATE|OpenRowset"
TarifaPublicacion,sincronizacion_explicita,Productos_TarifaPublicacion.dtsx,OpenRowset
AdministracionNotificacion,sincronizacion_explicita,Parametros_NotificacionAdministracion.dtsx,OpenRowset
NotificacionProductos,sincronizacion_explicita,Parametros_NotificacionAdministracion.dtsx,OpenRowset
SerieRentaVariablePublicacion,sin_evidencia_ssis,,
ReposCategoriaAforo,sin_evidencia_ssis,,
Emision,sin_evidencia_ssis,,
NotificacionCanales,sincronizacion_explicita,Parametros_NotificacionAdministracion.dtsx,OpenRowset
FondoComunInversion,sincronizacion_explicita,Productos_FondoComunInversion.dtsx,OpenRowset
FondoComunInversionPublicacionTipoPersona,sincronizacion_explicita,Productos_FondoComunInversionPublicacionTipoPersona.dtsx,OpenRowset
ListaContrato,sincronizacion_explicita,_100_SecurityList.dtsx|100_SecurityList (2).dtsx|100_SecurityList.dtsx|100_SecurityList_FirstInsert.dtsx|100_SecurityListEXT.dtsx,OpenRowset
ListaContratoCombinado,sincronizacion_explicita,_100_SecurityList.dtsx|100_SecurityList (2).dtsx|100_SecurityList.dtsx|100_SecurityList_FirstInsert.dtsx,OpenRowset
Valuacion,sincronizacion_explicita,040_Productos.dtsx,"DELETE|OpenRowset"
ConversionContrato,sincronizacion_explicita,090_ConversionContrato.dtsx,"UPDATE|OpenRowset"
CategoriaSerie,sin_evidencia_ssis,,
InstrumentoDigital,sincronizacion_explicita,Productos_InstrumentoDigital.dtsx,"UPDATE|OpenRowset"
ProductoWarrant,sin_evidencia_ssis,,
TarifaDevengadaStage,sincronizacion_explicita,Productos_TarifaDevengada.dtsx,OpenRowset
